<?xml version="1.0" encoding="UTF-8"?>
<?xml-stylesheet type="text/xsl" href="isokur.xsl"?>
<Tarih_Date Tarih="23.02.2024" Date="02/23/2024"  Bulten_No="2024/39" >
	<Currency CrossOrder="0" Kod="USD" CurrencyCode="USD">
			<Unit>1</Unit>
			<Isim>ABD DOLARI</Isim>
			<CurrencyName>US DOLLAR</CurrencyName>
			<ForexBuying>31.0047</ForexBuying>
			<ForexSelling>31.0605</ForexSelling>
			<BanknoteBuying>30.9829</BanknoteBuying>
			<BanknoteSelling>31.1071</BanknoteSelling>
			<CrossRateUSD/>
			<CrossRateOther/>
		
	</Currency>
	<Currency CrossOrder="1" Kod="AUD" CurrencyCode="AUD">
			<Unit>1</Unit>
			<Isim>AVUSTRALYA DOLARI</Isim>
			<CurrencyName>AUSTRALIAN DOLLAR</CurrencyName>
			<ForexBuying>20.3077</ForexBuying>
			<ForexSelling>20.4401</ForexSelling>
			<BanknoteBuying>20.2143</BanknoteBuying>
			<BanknoteSelling>20.5628</BanknoteSelling>
				<CrossRateUSD>1.5232</CrossRateUSD>
				<CrossRateOther/>
		
	</Currency>
	<Currency CrossOrder="2" Kod="DKK" CurrencyCode="DKK">
			<Unit>1</Unit>
			<Isim>DANİMARKA KRONU</Isim>
			<CurrencyName>DANISH KRONE</CurrencyName>
			<ForexBuying>4.4955</ForexBuying>
			<ForexSelling>4.5176</ForexSelling>
			<BanknoteBuying>4.4923</BanknoteBuying>
			<BanknoteSelling>4.5280</BanknoteSelling>
				<CrossRateUSD>6.8861</CrossRateUSD>
				<CrossRateOther/>
		
	</Currency>
	<Currency CrossOrder="9" Kod="EUR" CurrencyCode="EUR">
			<Unit>1</Unit>
			<Isim>EURO</Isim>
			<CurrencyName>EURO</CurrencyName>
			<ForexBuying>33.5620</ForexBuying>
			<ForexSelling>33.6225</ForexSelling>
			<BanknoteBuying>33.5385</BanknoteBuying>
			<BanknoteSelling>33.6729</BanknoteSelling>
				<CrossRateUSD/>
				<CrossRateOther>1.0825</CrossRateOther>
		
	</Currency>
	<Currency CrossOrder="10" Kod="GBP" CurrencyCode="GBP">
			<Unit>1</Unit>
			<Isim>İNGİLİZ STERLİNİ</Isim>
			<CurrencyName>POUND STERLING</CurrencyName>
			<ForexBuying>39.2119</ForexBuying>
			<ForexSelling>39.4164</ForexSelling>
			<BanknoteBuying>39.1845</BanknoteBuying>
			<BanknoteSelling>39.4755</BanknoteSelling>
				<CrossRateUSD/>
				<CrossRateOther>1.2669</CrossRateOther>
		
	</Currency>
	<Currency CrossOrder="3" Kod="CHF" CurrencyCode="CHF">
			<Unit>1</Unit>
			<Isim>İSVİÇRE FRANGI</Isim>
			<CurrencyName>SWISS FRANK</CurrencyName>
			<ForexBuying>35.1182</ForexBuying>
			<ForexSelling>35.3437</ForexSelling>
			<BanknoteBuying>35.0655</BanknoteBuying>
			<BanknoteSelling>35.3967</BanknoteSelling>
				<CrossRateUSD>0.8808</CrossRateUSD>
				<CrossRateOther/>
		
	</Currency>
	<Currency CrossOrder="4" Kod="SEK" CurrencyCode="SEK">
			<Unit>1</Unit>
			<Isim>İSVEÇ KRONU</Isim>
			<CurrencyName>SWEDISH KRONA</CurrencyName>
			<ForexBuying>2.9915</ForexBuying>
			<ForexSelling>3.0225</ForexSelling>
			<BanknoteBuying>2.9894</BanknoteBuying>
			<BanknoteSelling>3.0295</BanknoteSelling>
				<CrossRateUSD>10.32</CrossRateUSD>
				<CrossRateOther/>
		
	</Currency>
	<Currency CrossOrder="6" Kod="CAD" CurrencyCode="CAD">
			<Unit>1</Unit>
			<Isim>KANADA DOLARI</Isim>
			<CurrencyName>CANADIAN DOLLAR</CurrencyName>
			<ForexBuying>22.9600</ForexBuying>
			<ForexSelling>23.0636</ForexSelling>
			<BanknoteBuying>22.8751</BanknoteBuying>
			<BanknoteSelling>23.1512</BanknoteSelling>
				<CrossRateUSD>1.3486</CrossRateUSD>
				<CrossRateOther/>
		
	</Currency>
	<Currency CrossOrder="11" Kod="KWD" CurrencyCode="KWD">
			<Unit>1</Unit>
			<Isim>KUVEYT DİNARI</Isim>
			<CurrencyName>KUWAITI DINAR</CurrencyName>
			<ForexBuying>100.1734</ForexBuying>
			<ForexSelling>101.4842</ForexSelling>
			<BanknoteBuying>98.6708</BanknoteBuying>
			<BanknoteSelling>103.0064</BanknoteSelling>
				<CrossRateUSD/>
				<CrossRateOther>3.2491</CrossRateOther>
		
	</Currency>
	<Currency CrossOrder="7" Kod="NOK" CurrencyCode="NOK">
			<Unit>1</Unit>
			<Isim>NORVEÇ KRONU</Isim>
			<CurrencyName>NORWEGIAN KRONE</CurrencyName>
			<ForexBuying>2.9376</ForexBuying>
			<ForexSelling>2.9573</ForexSelling>
			<BanknoteBuying>2.9355</BanknoteBuying>
			<BanknoteSelling>2.9641</BanknoteSelling>
				<CrossRateUSD>10.53</CrossRateUSD>
				<CrossRateOther/>
		
	</Currency>
	<Currency CrossOrder="8" Kod="SAR" CurrencyCode="SAR">
			<Unit>1</Unit>
			<Isim>SUUDİ ARABİSTAN RİYALİ</Isim>
			<CurrencyName>SAUDI RIYAL</CurrencyName>
			<ForexBuying>8.2668</ForexBuying>
			<ForexSelling>8.2817</ForexSelling>
			<BanknoteBuying>8.2048</BanknoteBuying>
			<BanknoteSelling>8.3438</BanknoteSelling>
				<CrossRateUSD>3.7505</CrossRateUSD>
				<CrossRateOther/>
		
	</Currency>
	<Currency CrossOrder="5" Kod="JPY" CurrencyCode="JPY">
			<Unit>100</Unit>
			<Isim>JAPON YENİ</Isim>
			<CurrencyName>JAPENESE YEN</CurrencyName>
			<ForexBuying>20.5311</ForexBuying>
			<ForexSelling>20.6671</ForexSelling>
			<BanknoteBuying>20.4552</BanknoteBuying>
			<BanknoteSelling>20.7456</BanknoteSelling>
				<CrossRateUSD>150.65</CrossRateUSD>
				<CrossRateOther/>
		
	</Currency>
	<Currency CrossOrder="12" Kod="BGN" CurrencyCode="BGN">
			<Unit>1</Unit>
			<Isim>BULGAR LEVASI</Isim>
			<CurrencyName>BULGARIAN LEV</CurrencyName>
			<ForexBuying>17.0632</ForexBuying>
			<ForexSelling>17.2865</ForexSelling>
			<BanknoteBuying></BanknoteBuying>
			<BanknoteSelling></BanknoteSelling>
				<CrossRateUSD>1.8069</CrossRateUSD>
				<CrossRateOther/>
		
	</Currency>
	<Currency CrossOrder="13" Kod="RON" CurrencyCode="RON">
			<Unit>1</Unit>
			<Isim>RUMEN LEYİ</Isim>
			<CurrencyName>NEW LEU</CurrencyName>
			<ForexBuying>6.7069</ForexBuying>
			<ForexSelling>6.7947</ForexSelling>
			<BanknoteBuying></BanknoteBuying>
			<BanknoteSelling></BanknoteSelling>
				<CrossRateUSD>4.5969</CrossRateUSD>
				<CrossRateOther/>
		
	</Currency>
	<Currency CrossOrder="14" Kod="RUB" CurrencyCode="RUB">
			<Unit>1</Unit>
			<Isim>RUS RUBLESİ</Isim>
			<CurrencyName>RUSSIAN ROUBLE</CurrencyName>
			<ForexBuying>0.32993</ForexBuying>
			<ForexSelling>0.33425</ForexSelling>
			<BanknoteBuying></BanknoteBuying>
			<BanknoteSelling></BanknoteSelling>
				<CrossRateUSD>93.45</CrossRateUSD>
				<CrossRateOther/>
		
	</Currency>
	<Currency CrossOrder="15" Kod="IRR" CurrencyCode="IRR">
			<Unit>100</Unit>
			<Isim>İRAN RİYALİ</Isim>
			<CurrencyName>IRANIAN RIAL</CurrencyName>
			<ForexBuying>0.07341</ForexBuying>
			<ForexSelling>0.07437</ForexSelling>
			<BanknoteBuying></BanknoteBuying>
			<BanknoteSelling></BanknoteSelling>
				<CrossRateUSD>42000</CrossRateUSD>
				<CrossRateOther/>
		
	</Currency>
	<Currency CrossOrder="16" Kod="CNY" CurrencyCode="CNY">
			<Unit>1</Unit>
			<Isim>ÇİN YUANI</Isim>
			<CurrencyName>CHINESE RENMINBI</CurrencyName>
			<ForexBuying>4.2833</ForexBuying>
			<ForexSelling>4.3393</ForexSelling>
			<BanknoteBuying></BanknoteBuying>
			<BanknoteSelling></BanknoteSelling>
				<CrossRateUSD>7.1980</CrossRateUSD>
				<CrossRateOther/>
		
	</Currency>
	<Currency CrossOrder="17" Kod="PKR" CurrencyCode="PKR">
			<Unit>1</Unit>
			<Isim>PAKİSTAN RUPİSİ</Isim>
			<CurrencyName>PAKISTANI RUPEE</CurrencyName>
			<ForexBuying>0.11036</ForexBuying>
			<ForexSelling>0.11180</ForexSelling>
			<BanknoteBuying></BanknoteBuying>
			<BanknoteSelling></BanknoteSelling>
				<CrossRateUSD>279.38</CrossRateUSD>
				<CrossRateOther/>
		
	</Currency>
	<Currency CrossOrder="18" Kod="QAR" CurrencyCode="QAR">
			<Unit>1</Unit>
			<Isim>KATAR RİYALİ</Isim>
			<CurrencyName>QATARI RIAL</CurrencyName>
			<ForexBuying>8.4542</ForexBuying>
			<ForexSelling>8.5648</ForexSelling>
			<BanknoteBuying></BanknoteBuying>
			<BanknoteSelling></BanknoteSelling>
				<CrossRateUSD>3.6468</CrossRateUSD>
				<CrossRateOther/>
		
	</Currency>
	<Currency CrossOrder="19" Kod="KRW" CurrencyCode="KRW">
			<Unit>1</Unit>
			<Isim>GÜNEY KORE WONU</Isim>
			<CurrencyName>SOUTH KOREAN WON</CurrencyName>
			<ForexBuying>0.02316</ForexBuying>
			<ForexSelling>0.02346</ForexSelling>
			<BanknoteBuying></BanknoteBuying>
			<BanknoteSelling></BanknoteSelling>
				<CrossRateUSD>1331</CrossRateUSD>
				<CrossRateOther/>
		
	</Currency>
	<Currency CrossOrder="20" Kod="AZN" CurrencyCode="AZN">
			<Unit>1</Unit>
			<Isim>AZERBAYCAN YENİ MANATI</Isim>
			<CurrencyName>AZERBAIJANI NEW MANAT</CurrencyName>
			<ForexBuying>18.1358</ForexBuying>
			<ForexSelling>18.3731</ForexSelling>
			<BanknoteBuying></BanknoteBuying>
			<BanknoteSelling></BanknoteSelling>
				<CrossRateUSD>1.7000</CrossRateUSD>
				<CrossRateOther/>
		
	</Currency>
	<Currency CrossOrder="21" Kod="AED" CurrencyCode="AED">
			<Unit>1</Unit>
			<Isim>BİRLEŞİK ARAP EMİRLİKLERİ DİRHEMİ</Isim>
			<CurrencyName>UNITED ARAB EMIRATES DIRHAM</CurrencyName>
			<ForexBuying>8.3941</ForexBuying>
			<ForexSelling>8.5040</ForexSelling>
			<BanknoteBuying></BanknoteBuying>
			<BanknoteSelling></BanknoteSelling>
				<CrossRateUSD>3.6729</CrossRateUSD>
				<CrossRateOther/>
		
	</Currency>
	<Currency CrossOrder="0" Kod="XDR" CurrencyCode="XDR">
		<Unit>1</Unit>
		<Isim>ÖZEL ÇEKME HAKKI (SDR)                            </Isim>
		<CurrencyName>SPECIAL DRAWING RIGHT (SDR)                       </CurrencyName>
		<ForexBuying>41.1870</ForexBuying>
		<ForexSelling/>
		<BanknoteBuying/>
		<BanknoteSelling/>
		<CrossRateUSD/>
		<CrossRateOther>1.32722</CrossRateOther>
	</Currency>
</Tarih_Date>
