<?xml version="1.0" encoding="UTF-8"?>
<?xml-stylesheet type="text/xsl" href="isokur.xsl"?>
<Tarih_Date Tarih="26.02.2024" Date="02/26/2024"  Bulten_No="2024/40" >
	<Currency CrossOrder="0" Kod="USD" CurrencyCode="USD">
			<Unit>1</Unit>
			<Isim>ABD DOLARI</Isim>
			<CurrencyName>US DOLLAR</CurrencyName>
			<ForexBuying>31.0441</ForexBuying>
			<ForexSelling>31.1000</ForexSelling>
			<BanknoteBuying>31.0224</BanknoteBuying>
			<BanknoteSelling>31.1467</BanknoteSelling>
			<CrossRateUSD/>
			<CrossRateOther/>
		
	</Currency>
	<Currency CrossOrder="1" Kod="AUD" CurrencyCode="AUD">
			<Unit>1</Unit>
			<Isim>AVUSTRALYA DOLARI</Isim>
			<CurrencyName>AUSTRALIAN DOLLAR</CurrencyName>
			<ForexBuying>20.2858</ForexBuying>
			<ForexSelling>20.4181</ForexSelling>
			<BanknoteBuying>20.1925</BanknoteBuying>
			<BanknoteSelling>20.5406</BanknoteSelling>
				<CrossRateUSD>1.5267</CrossRateUSD>
				<CrossRateOther/>
		
	</Currency>
	<Currency CrossOrder="2" Kod="DKK" CurrencyCode="DKK">
			<Unit>1</Unit>
			<Isim>DANİMARKA KRONU</Isim>
			<CurrencyName>DANISH KRONE</CurrencyName>
			<ForexBuying>4.5067</ForexBuying>
			<ForexSelling>4.5288</ForexSelling>
			<BanknoteBuying>4.5035</BanknoteBuying>
			<BanknoteSelling>4.5392</BanknoteSelling>
				<CrossRateUSD>6.8778</CrossRateUSD>
				<CrossRateOther/>
		
	</Currency>
	<Currency CrossOrder="9" Kod="EUR" CurrencyCode="EUR">
			<Unit>1</Unit>
			<Isim>EURO</Isim>
			<CurrencyName>EURO</CurrencyName>
			<ForexBuying>33.6453</ForexBuying>
			<ForexSelling>33.7060</ForexSelling>
			<BanknoteBuying>33.6218</BanknoteBuying>
			<BanknoteSelling>33.7565</BanknoteSelling>
				<CrossRateUSD/>
				<CrossRateOther>1.0838</CrossRateOther>
		
	</Currency>
	<Currency CrossOrder="10" Kod="GBP" CurrencyCode="GBP">
			<Unit>1</Unit>
			<Isim>İNGİLİZ STERLİNİ</Isim>
			<CurrencyName>POUND STERLING</CurrencyName>
			<ForexBuying>39.2900</ForexBuying>
			<ForexSelling>39.4948</ForexSelling>
			<BanknoteBuying>39.2625</BanknoteBuying>
			<BanknoteSelling>39.5540</BanknoteSelling>
				<CrossRateUSD/>
				<CrossRateOther>1.2678</CrossRateOther>
		
	</Currency>
	<Currency CrossOrder="3" Kod="CHF" CurrencyCode="CHF">
			<Unit>1</Unit>
			<Isim>İSVİÇRE FRANGI</Isim>
			<CurrencyName>SWISS FRANK</CurrencyName>
			<ForexBuying>35.1878</ForexBuying>
			<ForexSelling>35.4138</ForexSelling>
			<BanknoteBuying>35.1351</BanknoteBuying>
			<BanknoteSelling>35.4669</BanknoteSelling>
				<CrossRateUSD>0.8802</CrossRateUSD>
				<CrossRateOther/>
		
	</Currency>
	<Currency CrossOrder="4" Kod="SEK" CurrencyCode="SEK">
			<Unit>1</Unit>
			<Isim>İSVEÇ KRONU</Isim>
			<CurrencyName>SWEDISH KRONA</CurrencyName>
			<ForexBuying>3.0012</ForexBuying>
			<ForexSelling>3.0323</ForexSelling>
			<BanknoteBuying>2.9991</BanknoteBuying>
			<BanknoteSelling>3.0392</BanknoteSelling>
				<CrossRateUSD>10.30</CrossRateUSD>
				<CrossRateOther/>
		
	</Currency>
	<Currency CrossOrder="6" Kod="CAD" CurrencyCode="CAD">
			<Unit>1</Unit>
			<Isim>KANADA DOLARI</Isim>
			<CurrencyName>CANADIAN DOLLAR</CurrencyName>
			<ForexBuying>22.9321</ForexBuying>
			<ForexSelling>23.0356</ForexSelling>
			<BanknoteBuying>22.8473</BanknoteBuying>
			<BanknoteSelling>23.1231</BanknoteSelling>
				<CrossRateUSD>1.3519</CrossRateUSD>
				<CrossRateOther/>
		
	</Currency>
	<Currency CrossOrder="11" Kod="KWD" CurrencyCode="KWD">
			<Unit>1</Unit>
			<Isim>KUVEYT DİNARI</Isim>
			<CurrencyName>KUWAITI DINAR</CurrencyName>
			<ForexBuying>100.3171</ForexBuying>
			<ForexSelling>101.6298</ForexSelling>
			<BanknoteBuying>98.8124</BanknoteBuying>
			<BanknoteSelling>103.1542</BanknoteSelling>
				<CrossRateUSD/>
				<CrossRateOther>3.2497</CrossRateOther>
		
	</Currency>
	<Currency CrossOrder="7" Kod="NOK" CurrencyCode="NOK">
			<Unit>1</Unit>
			<Isim>NORVEÇ KRONU</Isim>
			<CurrencyName>NORWEGIAN KRONE</CurrencyName>
			<ForexBuying>2.9389</ForexBuying>
			<ForexSelling>2.9586</ForexSelling>
			<BanknoteBuying>2.9368</BanknoteBuying>
			<BanknoteSelling>2.9654</BanknoteSelling>
				<CrossRateUSD>10.54</CrossRateUSD>
				<CrossRateOther/>
		
	</Currency>
	<Currency CrossOrder="8" Kod="SAR" CurrencyCode="SAR">
			<Unit>1</Unit>
			<Isim>SUUDİ ARABİSTAN RİYALİ</Isim>
			<CurrencyName>SAUDI RIYAL</CurrencyName>
			<ForexBuying>8.2774</ForexBuying>
			<ForexSelling>8.2923</ForexSelling>
			<BanknoteBuying>8.2153</BanknoteBuying>
			<BanknoteSelling>8.3545</BanknoteSelling>
				<CrossRateUSD>3.7505</CrossRateUSD>
				<CrossRateOther/>
		
	</Currency>
	<Currency CrossOrder="5" Kod="JPY" CurrencyCode="JPY">
			<Unit>100</Unit>
			<Isim>JAPON YENİ</Isim>
			<CurrencyName>JAPENESE YEN</CurrencyName>
			<ForexBuying>20.5680</ForexBuying>
			<ForexSelling>20.7042</ForexSelling>
			<BanknoteBuying>20.4919</BanknoteBuying>
			<BanknoteSelling>20.7828</BanknoteSelling>
				<CrossRateUSD>150.57</CrossRateUSD>
				<CrossRateOther/>
		
	</Currency>
	<Currency CrossOrder="12" Kod="BGN" CurrencyCode="BGN">
			<Unit>1</Unit>
			<Isim>BULGAR LEVASI</Isim>
			<CurrencyName>BULGARIAN LEV</CurrencyName>
			<ForexBuying>17.1059</ForexBuying>
			<ForexSelling>17.3298</ForexSelling>
			<BanknoteBuying></BanknoteBuying>
			<BanknoteSelling></BanknoteSelling>
				<CrossRateUSD>1.8046</CrossRateUSD>
				<CrossRateOther/>
		
	</Currency>
	<Currency CrossOrder="13" Kod="RON" CurrencyCode="RON">
			<Unit>1</Unit>
			<Isim>RUMEN LEYİ</Isim>
			<CurrencyName>NEW LEU</CurrencyName>
			<ForexBuying>6.7262</ForexBuying>
			<ForexSelling>6.8142</ForexSelling>
			<BanknoteBuying></BanknoteBuying>
			<BanknoteSelling></BanknoteSelling>
				<CrossRateUSD>4.5895</CrossRateUSD>
				<CrossRateOther/>
		
	</Currency>
	<Currency CrossOrder="14" Kod="RUB" CurrencyCode="RUB">
			<Unit>1</Unit>
			<Isim>RUS RUBLESİ</Isim>
			<CurrencyName>RUSSIAN ROUBLE</CurrencyName>
			<ForexBuying>0.33333</ForexBuying>
			<ForexSelling>0.33769</ForexSelling>
			<BanknoteBuying></BanknoteBuying>
			<BanknoteSelling></BanknoteSelling>
				<CrossRateUSD>92.61</CrossRateUSD>
				<CrossRateOther/>
		
	</Currency>
	<Currency CrossOrder="15" Kod="IRR" CurrencyCode="IRR">
			<Unit>100</Unit>
			<Isim>İRAN RİYALİ</Isim>
			<CurrencyName>IRANIAN RIAL</CurrencyName>
			<ForexBuying>0.07350</ForexBuying>
			<ForexSelling>0.07446</ForexSelling>
			<BanknoteBuying></BanknoteBuying>
			<BanknoteSelling></BanknoteSelling>
				<CrossRateUSD>42000</CrossRateUSD>
				<CrossRateOther/>
		
	</Currency>
	<Currency CrossOrder="16" Kod="CNY" CurrencyCode="CNY">
			<Unit>1</Unit>
			<Isim>ÇİN YUANI</Isim>
			<CurrencyName>CHINESE RENMINBI</CurrencyName>
			<ForexBuying>4.2888</ForexBuying>
			<ForexSelling>4.3449</ForexSelling>
			<BanknoteBuying></BanknoteBuying>
			<BanknoteSelling></BanknoteSelling>
				<CrossRateUSD>7.1979</CrossRateUSD>
				<CrossRateOther/>
		
	</Currency>
	<Currency CrossOrder="17" Kod="PKR" CurrencyCode="PKR">
			<Unit>1</Unit>
			<Isim>PAKİSTAN RUPİSİ</Isim>
			<CurrencyName>PAKISTANI RUPEE</CurrencyName>
			<ForexBuying>0.11055</ForexBuying>
			<ForexSelling>0.11199</ForexSelling>
			<BanknoteBuying></BanknoteBuying>
			<BanknoteSelling></BanknoteSelling>
				<CrossRateUSD>279.25</CrossRateUSD>
				<CrossRateOther/>
		
	</Currency>
	<Currency CrossOrder="18" Kod="QAR" CurrencyCode="QAR">
			<Unit>1</Unit>
			<Isim>KATAR RİYALİ</Isim>
			<CurrencyName>QATARI RIAL</CurrencyName>
			<ForexBuying>8.4650</ForexBuying>
			<ForexSelling>8.5758</ForexSelling>
			<BanknoteBuying></BanknoteBuying>
			<BanknoteSelling></BanknoteSelling>
				<CrossRateUSD>3.6468</CrossRateUSD>
				<CrossRateOther/>
		
	</Currency>
	<Currency CrossOrder="19" Kod="KRW" CurrencyCode="KRW">
			<Unit>1</Unit>
			<Isim>GÜNEY KORE WONU</Isim>
			<CurrencyName>SOUTH KOREAN WON</CurrencyName>
			<ForexBuying>0.02319</ForexBuying>
			<ForexSelling>0.02349</ForexSelling>
			<BanknoteBuying></BanknoteBuying>
			<BanknoteSelling></BanknoteSelling>
				<CrossRateUSD>1331</CrossRateUSD>
				<CrossRateOther/>
		
	</Currency>
	<Currency CrossOrder="20" Kod="AZN" CurrencyCode="AZN">
			<Unit>1</Unit>
			<Isim>AZERBAYCAN YENİ MANATI</Isim>
			<CurrencyName>AZERBAIJANI NEW MANAT</CurrencyName>
			<ForexBuying>18.1589</ForexBuying>
			<ForexSelling>18.3965</ForexSelling>
			<BanknoteBuying></BanknoteBuying>
			<BanknoteSelling></BanknoteSelling>
				<CrossRateUSD>1.7000</CrossRateUSD>
				<CrossRateOther/>
		
	</Currency>
	<Currency CrossOrder="21" Kod="AED" CurrencyCode="AED">
			<Unit>1</Unit>
			<Isim>BİRLEŞİK ARAP EMİRLİKLERİ DİRHEMİ</Isim>
			<CurrencyName>UNITED ARAB EMIRATES DIRHAM</CurrencyName>
			<ForexBuying>8.4048</ForexBuying>
			<ForexSelling>8.5148</ForexSelling>
			<BanknoteBuying></BanknoteBuying>
			<BanknoteSelling></BanknoteSelling>
				<CrossRateUSD>3.6729</CrossRateUSD>
				<CrossRateOther/>
		
	</Currency>
	<Currency CrossOrder="0" Kod="XDR" CurrencyCode="XDR">
		<Unit>1</Unit>
		<Isim>ÖZEL ÇEKME HAKKI (SDR)                            </Isim>
		<CurrencyName>SPECIAL DRAWING RIGHT (SDR)                       </CurrencyName>
		<ForexBuying>41.2584</ForexBuying>
		<ForexSelling/>
		<BanknoteBuying/>
		<BanknoteSelling/>
		<CrossRateUSD/>
		<CrossRateOther>1.32783</CrossRateOther>
	</Currency>
</Tarih_Date>
